Main Category,Subcategory
Active Life,Airsoft
Active Life,Amateur Sports Teams
Active Life,Amusement Parks
Active Life,Aquariums
Active Life,Archery
Active Life,ATV Rentals/Tours
Active Life,Axe Throwing
Active Life,Badminton
Active Life,Baseball Fields
Active Life,Basketball Courts
Active Life,Bathing Area
Active Life,Batting Cages
Active Life,Beach Equipment Rentals
Active Life,Beach Volleyball
Active Life,Beaches
Active Life,Bicycle Paths
Active Life,Bike Parking
Active Life,Bike Rentals
Active Life,Boating
Active Life,Bobsledding
Active Life,Bocce Ball
Active Life,Bowling
Active Life,Bubble Soccer
Active Life,Bungee Jumping
Active Life,Canyoneering
Active Life,Carousels
Active Life,Challenge Courses
Active Life,Climbing
Active Life,Cycling Classes
Active Life,Dart Arenas
Active Life,Day Camps
Active Life,Disc Golf
Active Life,"Diving

Free Diving
Scuba Diving"
Active Life,Free Diving
Active Life,Scuba Diving
Active Life,Escape Games
Active Life,Experiences
Active Life,Fencing Clubs
Active Life,Fishing
Active Life,"Fitness & Instruction

Aerial Fitness
Barre Classes
Boot Camps

Boxing
Cardio Classes
Dance Studios
EMS Training
Golf Lessons
Gyms
Circuit Training Gyms
Interval Training Gyms


Martial Arts

Brazilian Jiu-jitsu
Chinese Martial Arts
Karate
Kickboxing
Muay Thai
Taekwondo


Meditation Centers
Pilates
Qi Gong
Self-defense Classes
Swimming Lessons/Schools
Tai Chi
Trainers
Yoga"
Active Life,Aerial Fitness
Active Life,Barre Classes
Active Life,"Boot Camps

Boxing
Cardio Classes
Dance Studios
EMS Training
Golf Lessons
Gyms
Circuit Training Gyms
Interval Training Gyms"
Active Life,Boxing
Active Life,Cardio Classes
Active Life,Dance Studios
Active Life,EMS Training
Active Life,Golf Lessons
Active Life,Gyms
Active Life,Circuit Training Gyms
Active Life,Interval Training Gyms
Active Life,"Martial Arts

Brazilian Jiu-jitsu
Chinese Martial Arts
Karate
Kickboxing
Muay Thai
Taekwondo"
Active Life,Brazilian Jiu-jitsu
Active Life,Chinese Martial Arts
Active Life,Karate
Active Life,Kickboxing
Active Life,Muay Thai
Active Life,Taekwondo
Active Life,Meditation Centers
Active Life,Pilates
Active Life,Qi Gong
Active Life,Self-defense Classes
Active Life,Swimming Lessons/Schools
Active Life,Tai Chi
Active Life,Trainers
Active Life,Yoga
Active Life,Flyboarding
Active Life,Gliding
Active Life,Go Karts
Active Life,Golf
Active Life,Gun/Rifle Ranges
Active Life,Gymnastics
Active Life,Handball
Active Life,Hang Gliding
Active Life,Hiking
Active Life,Horse Racing
Active Life,Horseback Riding
Active Life,Hot Air Balloons
Active Life,Indoor Playcentre
Active Life,Jet Skis
Active Life,Kids Activities
Active Life,Kiteboarding
Active Life,Lakes
Active Life,Laser Tag
Active Life,Lawn Bowling
Active Life,Mini Golf
Active Life,Mountain Biking
Active Life,Nudist
Active Life,Paddleboarding
Active Life,Paintball
Active Life,Paragliding
Active Life,Parasailing
Active Life,"Parks

Dog Parks
Skate Parks"
Active Life,Dog Parks
Active Life,Skate Parks
Active Life,Pickleball
Active Life,Playgrounds
Active Life,Public Plazas
Active Life,Races & Competitions
Active Life,Racing Experience
Active Life,Rafting/Kayaking
Active Life,Recreation Centers
Active Life,Rock Climbing
Active Life,Sailing
Active Life,Scavenger Hunts
Active Life,Scooter Rentals
Active Life,Senior Centers
Active Life,Skating Rinks
Active Life,Skiing
Active Life,Skydiving
Active Life,Sledding
Active Life,Snorkeling
Active Life,Soccer
Active Life,Sport Equipment Hire
Active Life,Sports Clubs
Active Life,Squash
Active Life,Summer Camps
Active Life,Surf Lifesaving
Active Life,Surfing
Active Life,Swimming Pools
Active Life,Tennis
Active Life,Trampoline Parks
Active Life,Tubing
Active Life,Volleyball
Active Life,Water Parks
Active Life,Wildlife Hunting Ranges
Active Life,Ziplining
Active Life,"Zoos

Petting Zoos"
Active Life,Petting Zoos
Active Life,Zorbing
Arts & Entertainment,Arcades
Arts & Entertainment,Art Galleries
Arts & Entertainment,Bingo Halls
Arts & Entertainment,Botanical Gardens
Arts & Entertainment,Cabaret
Arts & Entertainment,Casinos
Arts & Entertainment,"Cinema

Drive-In Theater
Outdoor Movies"
Arts & Entertainment,Drive-In Theater
Arts & Entertainment,Outdoor Movies
Arts & Entertainment,Country Clubs
Arts & Entertainment,Cultural Center
Arts & Entertainment,Entertainment
Arts & Entertainment,"Farms

Attraction Farms
Pick Your Own Farms
Ranches"
Arts & Entertainment,Attraction Farms
Arts & Entertainment,Pick Your Own Farms
Arts & Entertainment,Ranches
Arts & Entertainment,Festivals
Arts & Entertainment,Haunted Houses
Arts & Entertainment,Jazz & Blues
Arts & Entertainment,LAN Centers
Arts & Entertainment,Makerspaces
Arts & Entertainment,"Museums

Art Museums
Children’s Museums"
Arts & Entertainment,Art Museums
Arts & Entertainment,Children’s Museums
Arts & Entertainment,Music Venues
Arts & Entertainment,Observatories
Arts & Entertainment,Opera & Ballet
Arts & Entertainment,Paint & Sip
Arts & Entertainment,Performing Arts
Arts & Entertainment,Planetarium
Arts & Entertainment,Professional Sports Teams
Arts & Entertainment,Race Tracks
Arts & Entertainment,Rodeo
Arts & Entertainment,"Social Clubs

Veterans Organizations"
Arts & Entertainment,Veterans Organizations
Arts & Entertainment,Sports Betting
Arts & Entertainment,Stadiums & Arenas
Arts & Entertainment,Studio Taping
Arts & Entertainment,"Supernatural Readings

Astrologers
Mystics
Psychic Mediums
Psychics"
Arts & Entertainment,Astrologers
Arts & Entertainment,Mystics
Arts & Entertainment,Psychic Mediums
Arts & Entertainment,Psychics
Arts & Entertainment,Tablao Flamenco
Arts & Entertainment,Ticket Sales
Arts & Entertainment,Virtual Reality Centers
Arts & Entertainment,"Wineries

Wine Tasting Room"
Arts & Entertainment,Wine Tasting Room
Automotive,Aircraft Dealers
Automotive,Aircraft Repairs
Automotive,Auto Customization
Automotive,Auto Detailing
Automotive,Auto Electric Services
Automotive,"Auto Glass Services

Car Window Tinting"
Automotive,Car Window Tinting
Automotive,Auto Loan Providers
Automotive,"Auto Parts & Supplies

Motorcycle Parts & Supplies"
Automotive,Motorcycle Parts & Supplies
Automotive,"Auto Repair

DIY Auto Shop"
Automotive,DIY Auto Shop
Automotive,Auto Security
Automotive,Auto Upholstery
Automotive,Aviation Services
Automotive,Boat Dealers
Automotive,Boat Parts & Supplies
Automotive,Body Shops
Automotive,Car Auctions
Automotive,Car Brokers
Automotive,Car Buyers
Automotive,Car Dealers
Automotive,Car Inspectors
Automotive,Car Share Services
Automotive,Car Stereo Installation
Automotive,Car Wash
Automotive,Commercial Truck Dealers
Automotive,Commercial Truck Repair
Automotive,EV Charging Stations
Automotive,Fuel Docks
Automotive,Gas Stations
Automotive,Golf Cart Dealers
Automotive,Hybrid Car Repair
Automotive,Interlock Systems
Automotive,Marinas
Automotive,Mobile Dent Repair
Automotive,Mobility Equipment Sales & Services
Automotive,Motorcycle Dealers
Automotive,Motorcycle Repair
Automotive,Motorsport Vehicle Dealers
Automotive,Motorsport Vehicle Repairs
Automotive,Oil Change Stations
Automotive,Parking
Automotive,Registration Services
Automotive,Roadside Assistance
Automotive,RV Dealers
Automotive,RV Repair
Automotive,Service Stations
Automotive,Smog Check Stations
Automotive,Tires
Automotive,Towing
Automotive,Trailer Dealers
Automotive,Trailer Rental
Automotive,Trailer Repair
Automotive,Transmission Repair
Automotive,Truck Rental
Automotive,Used Car Dealers
Automotive,Vehicle Shipping
Automotive,Vehicle Wraps
Automotive,Wheel & Rim Repair
Automotive,Windshield Installation & Repair
Beauty & Spas,Acne Treatment
Beauty & Spas,Barbers
Beauty & Spas,Cosmetics & Beauty Supply
Beauty & Spas,Day Spas
Beauty & Spas,Erotic Massage
Beauty & Spas,Eyebrow Services
Beauty & Spas,Eyelash Service
Beauty & Spas,Foot Care
Beauty & Spas,Hair Extensions
Beauty & Spas,Hair Loss Centers
Beauty & Spas,"Hair Removal

Laser Hair Removal
Sugaring
Threading Services
Waxing"
Beauty & Spas,Laser Hair Removal
Beauty & Spas,Sugaring
Beauty & Spas,Threading Services
Beauty & Spas,Waxing
Beauty & Spas,"Hair Salons

Blow Dry/Out Services
Hair Extensions
Hair Stylists
Kids Hair Salons
Men’s Hair Salons"
Beauty & Spas,Blow Dry/Out Services
Beauty & Spas,Hair Extensions
Beauty & Spas,Hair Stylists
Beauty & Spas,Kids Hair Salons
Beauty & Spas,Men’s Hair Salons
Beauty & Spas,Hot Springs
Beauty & Spas,Makeup Artists
Beauty & Spas,Massage
Beauty & Spas,Medical Spas
Beauty & Spas,Nail Salons
Beauty & Spas,Nail Technicians
Beauty & Spas,Perfume
Beauty & Spas,Permanent Makeup
Beauty & Spas,Piercing
Beauty & Spas,Skin Care
Beauty & Spas,Estheticians
Beauty & Spas,Tanning
Beauty & Spas,Spray Tanning
Beauty & Spas,Tanning Beds
Beauty & Spas,Tattoo
Beauty & Spas,Teeth Whitening
Education,Adult Education
Education,"Art Classes

Glass Blowing"
Education,Glass Blowing
Education,College Counseling
Education,Colleges & Universities
Education,Educational Services
Education,Elementary Schools
Education,Middle Schools & High Schools
Education,Montessori Schools
Education,Preschools
Education,Private Schools
Education,Private Tutors
Education,Religious Schools
Education,Special Education
Education,"Specialty Schools

Art Schools
Bartending Schools
Cheerleading
Childbirth Education
Circus Schools
Cooking Schools
Cosmetology Schools
CPR Classes
Dance Schools
Drama Schools
Driving Schools
DUI Schools
Firearm Training
First Aid Classes
Flight Instruction
Food Safety Training
Language Schools
Massage Schools
Nursing Schools
Parenting Classes
Photography Classes
Pole Dancing Classes
Samba Schools
Ski Schools
Speech Training
Surf Schools
Swimming Lessons/Schools
Traffic Schools
Vocational & Technical School"
Education,Art Schools
Education,Bartending Schools
Education,Cheerleading
Education,Childbirth Education
Education,Circus Schools
Education,Cooking Schools
Education,Cosmetology Schools
Education,CPR Classes
Education,Dance Schools
Education,Drama Schools
Education,Driving Schools
Education,DUI Schools
Education,Firearm Training
Education,First Aid Classes
Education,Flight Instruction
Education,Food Safety Training
Education,Language Schools
Education,Massage Schools
Education,Nursing Schools
Education,Parenting Classes
Education,Photography Classes
Education,Pole Dancing Classes
Education,Samba Schools
Education,Ski Schools
Education,Speech Training
Education,Surf Schools
Education,Swimming Lessons/Schools
Education,Traffic Schools
Education,Vocational & Technical School
Education,"Tasting Classes

Cheese Tasting Classes
Wine Tasting Classes"
Education,Cheese Tasting Classes
Education,Wine Tasting Classes
Education,Test Preparation
Education,Tutoring Centers
Education,Waldorf Schools
Event Planning & Services,Balloon Services
Event Planning & Services,Bartenders
Event Planning & Services,Boat Charters
Event Planning & Services,Cards & Stationery
Event Planning & Services,Caricatures
Event Planning & Services,Caterers
Event Planning & Services,Clowns
Event Planning & Services,DJs
Event Planning & Services,Face Painting
Event Planning & Services,Floral Designers
Event Planning & Services,Game Truck Rental
Event Planning & Services,Golf Cart Rentals
Event Planning & Services,Henna Artists
Event Planning & Services,"Hotels

Agriturismi
Mountain Huts
Pensions
Residences
Rest Stops
Ryokan"
Event Planning & Services,Agriturismi
Event Planning & Services,Mountain Huts
Event Planning & Services,Pensions
Event Planning & Services,Residences
Event Planning & Services,Rest Stops
Event Planning & Services,Ryokan
Event Planning & Services,Magicians
Event Planning & Services,Mohels
Event Planning & Services,Musicians
Event Planning & Services,Officiants
Event Planning & Services,Party & Event Planning
Event Planning & Services,Party Bike Rentals
Event Planning & Services,Party Bus Rentals
Event Planning & Services,Party Characters
Event Planning & Services,"Party Equipment Rentals

Audio/Visual Equipment Rental
Bounce House Rentals
Karaoke Rental"
Event Planning & Services,Audio/Visual Equipment Rental
Event Planning & Services,Bounce House Rentals
Event Planning & Services,Karaoke Rental
Event Planning & Services,Party Supplies
Event Planning & Services,Personal Chefs
Event Planning & Services,Photo Booth Rentals
Event Planning & Services,"Photographers

Boudoir Photography
Event Photography
Session Photography"
Event Planning & Services,Boudoir Photography
Event Planning & Services,Event Photography
Event Planning & Services,Session Photography
Event Planning & Services,Silent Disco
Event Planning & Services,Sommelier Services
Event Planning & Services,Team Building Activities
Event Planning & Services,Trivia Hosts
Event Planning & Services,Valet Services
Event Planning & Services,Venues & Event Spaces
Event Planning & Services,Videographers
Event Planning & Services,Wedding Chapels
Event Planning & Services,Wedding Planning
Financial Services,Banks & Credit Unions
Financial Services,Business Financing
Financial Services,Check Cashing/Pay-day Loans
Financial Services,Currency Exchange
Financial Services,Debt Relief Services
Financial Services,Financial Advising
Financial Services,Installment Loans
Financial Services,"Insurance

Auto Insurance
Home & Rental Insurance
Life Insurance"
Financial Services,Auto Insurance
Financial Services,Home & Rental Insurance
Financial Services,Life Insurance
Financial Services,Investing
Financial Services,Mortgage Lenders
Financial Services,Tax Services
Financial Services,Title Loans
Food,Acai Bowls
Food,Backshop
Food,Bagels
Food,Bakeries
Food,"Beer, Wine & Spirits"
Food,Bento
Food,Beverage Store
Food,"Breweries

Brewpubs"
Food,Brewpubs
Food,Bubble Tea
Food,Butcher
Food,Chimney Cakes
Food,Churros
Food,Cideries
Food,Coffee & Tea
Food,Coffee & Tea Supplies
Food,Coffee Roasteries
Food,Convenience Stores
Food,CSA
Food,Cupcakes
Food,Custom Cakes
Food,Delicatessen
Food,Desserts
Food,Distilleries
Food,Do-It-Yourself Food
Food,Donairs
Food,Donuts
Food,Empanadas
Food,Ethical Grocery
Food,Farmers Market
Food,Fishmonger
Food,Food Delivery Services
Food,Food Trucks
Food,Friterie
Food,Gelato
Food,Grocery
Food,Hawker Centre
Food,Honey
Food,Ice Cream & Frozen Yogurt
Food,Imported Food
Food,International Grocery
Food,Internet Cafes
Food,Japanese Sweets
Food,Taiyaki
Food,Juice Bars & Smoothies
Food,Kiosk
Food,Kombucha
Food,Meaderies
Food,Milkshake Bars
Food,Mulled Wine
Food,Nasi Lemak
Food,Organic Stores
Food,Panzerotti
Food,Parent Cafes
Food,Patisserie/Cake Shop
Food,Piadina
Food,Poke
Food,Pretzels
Food,Salumerie
Food,Shaved Ice
Food,Shaved Snow
Food,Smokehouse
Food,"Specialty Food

Candy Stores
Cheese Shops
Chocolatiers & Shops
Dagashi
Dried Fruit
Frozen Food
Fruits & Veggies
Health Markets
Herbs & Spices
Macarons
Meat Shops
Olive Oil
Pasta Shops
Popcorn Shops
Seafood Markets
Tofu Shops"
Food,Candy Stores
Food,Cheese Shops
Food,Chocolatiers & Shops
Food,Dagashi
Food,Dried Fruit
Food,Frozen Food
Food,Fruits & Veggies
Food,Health Markets
Food,Herbs & Spices
Food,Macarons
Food,Meat Shops
Food,Olive Oil
Food,Pasta Shops
Food,Popcorn Shops
Food,Seafood Markets
Food,Tofu Shops
Food,Street Vendors
Food,Sugar Shacks
Food,Tea Rooms
Food,Torshi
Food,Tortillas
Food,Water Stores
Food,Wineries
Food,Zapiekanka
Health & Medical,Acupuncture
Health & Medical,Alternative Medicine
Health & Medical,Animal Assisted Therapy
Health & Medical,Assisted Living Facilities
Health & Medical,Ayurveda
Health & Medical,Behavior Analysts
Health & Medical,Blood & Plasma Donation Centers
Health & Medical,Body Contouring
Health & Medical,"Cannabis Clinics

Cannabis Tours"
Health & Medical,Cannabis Tours
Health & Medical,Cannabis Collective
Health & Medical,Chiropractors
Health & Medical,Colonics
Health & Medical,Concierge Medicine
Health & Medical,"Counseling & Mental Health

Psychoanalysts
Psychologists
Psychotherapists
Sex Therapists
Sophrologists
Sports Psychologists"
Health & Medical,Psychoanalysts
Health & Medical,Psychologists
Health & Medical,Psychotherapists
Health & Medical,Sex Therapists
Health & Medical,Sophrologists
Health & Medical,Sports Psychologists
Health & Medical,Crisis Pregnancy Centers
Health & Medical,Cryotherapy
Health & Medical,"Dental Hygienists

Mobile Clinics
Storefront Clinics
Dentists
Cosmetic Dentists
Endodontists
General Dentistry
Oral Surgeons
Orthodontists
Pediatric Dentists
Periodontists"
Health & Medical,Mobile Clinics
Health & Medical,Storefront Clinics
Health & Medical,Dentists
Health & Medical,Cosmetic Dentists
Health & Medical,Endodontists
Health & Medical,General Dentistry
Health & Medical,Oral Surgeons
Health & Medical,Orthodontists
Health & Medical,Pediatric Dentists
Health & Medical,Periodontists
Health & Medical,"Diagnostic Services

Diagnostic Imaging
Laboratory Testing"
Health & Medical,Diagnostic Imaging
Health & Medical,Laboratory Testing
Health & Medical,Dialysis Clinics
Health & Medical,Dietitians
Health & Medical,"Doctors

Addiction Medicine
Allergists
Anesthesiologists
Audiologist
Cardiologists
Cosmetic Surgeons
Dermatologists
Ear Nose & Throat
Emergency Medicine
Endocrinologists
Family Practice
Fertility
Gastroenterologist
Geneticists
Gerontologists
Hepatologists
Homeopathic
Hospitalists
Immunodermatologists
Infectious Disease Specialists
Internal Medicine
Naturopathic/Holistic
Nephrologists
Neurologist
Neuropathologists
Neurotologists
Obstetricians & Gynecologists
Oncologist
Ophthalmologists

Retina Specialists


Orthopedists
Osteopathic Physicians
Otologists
Pain Management
Pathologists
Pediatricians
Phlebologists
Plastic Surgeons
Podiatrists
Preventive Medicine
Proctologists
Psychiatrists
Pulmonologist
Radiologists
Rheumatologists
Spine Surgeons
Sports Medicine
Surgeons
Tattoo Removal
Toxicologists
Tropical Medicine
Undersea/Hyperbaric Medicine
Urologists
Vascular Medicine"
Health & Medical,Addiction Medicine
Health & Medical,Allergists
Health & Medical,Anesthesiologists
Health & Medical,Audiologist
Health & Medical,Cardiologists
Health & Medical,Cosmetic Surgeons
Health & Medical,Dermatologists
Health & Medical,Ear Nose & Throat
Health & Medical,Emergency Medicine
Health & Medical,Endocrinologists
Health & Medical,Family Practice
Health & Medical,Fertility
Health & Medical,Gastroenterologist
Health & Medical,Geneticists
Health & Medical,Gerontologists
Health & Medical,Hepatologists
Health & Medical,Homeopathic
Health & Medical,Hospitalists
Health & Medical,Immunodermatologists
Health & Medical,Infectious Disease Specialists
Health & Medical,Internal Medicine
Health & Medical,Naturopathic/Holistic
Health & Medical,Nephrologists
Health & Medical,Neurologist
Health & Medical,Neuropathologists
Health & Medical,Neurotologists
Health & Medical,Obstetricians & Gynecologists
Health & Medical,Oncologist
Health & Medical,"Ophthalmologists

Retina Specialists"
Health & Medical,Retina Specialists
Health & Medical,Orthopedists
Health & Medical,Osteopathic Physicians
Health & Medical,Otologists
Health & Medical,Pain Management
Health & Medical,Pathologists
Health & Medical,Pediatricians
Health & Medical,Phlebologists
Health & Medical,Plastic Surgeons
Health & Medical,Podiatrists
Health & Medical,Preventive Medicine
Health & Medical,Proctologists
Health & Medical,Psychiatrists
Health & Medical,Pulmonologist
Health & Medical,Radiologists
Health & Medical,Rheumatologists
Health & Medical,Spine Surgeons
Health & Medical,Sports Medicine
Health & Medical,Surgeons
Health & Medical,Tattoo Removal
Health & Medical,Toxicologists
Health & Medical,Tropical Medicine
Health & Medical,Undersea/Hyperbaric Medicine
Health & Medical,Urologists
Health & Medical,Vascular Medicine
Health & Medical,Doulas
Health & Medical,Emergency Rooms
Health & Medical,Float Spa
Health & Medical,Habilitative Services
Health & Medical,Halfway Houses
Health & Medical,Halotherapy
Health & Medical,Health Coach
Health & Medical,Health Insurance Offices
Health & Medical,Hearing Aid Providers
Health & Medical,Hearing Aids
Health & Medical,Herbal Shops
Health & Medical,Home Health Care
Health & Medical,Hospice
Health & Medical,Hospitals
Health & Medical,Hydrotherapy
Health & Medical,Hypnosis/Hypnotherapy
Health & Medical,IV Hydration
Health & Medical,Lactation Services
Health & Medical,Laser Eye Surgery/Lasik
Health & Medical,Lice Services
Health & Medical,Massage Therapy
Health & Medical,Medical Cannabis Referrals
Health & Medical,"Medical Centers

Bulk Billing
Osteopaths
Walk-in Clinics"
Health & Medical,Bulk Billing
Health & Medical,Osteopaths
Health & Medical,Walk-in Clinics
Health & Medical,Medical Foot Care
Health & Medical,"Medical Spas

Aestheticians"
Health & Medical,Aestheticians
Health & Medical,Medical Transportation
Health & Medical,Memory Care
Health & Medical,Midwives
Health & Medical,Nurse Practitioner
Health & Medical,Nutritionists
Health & Medical,Occupational Therapy
Health & Medical,Optometrists
Health & Medical,Organ & Tissue Donor Services
Health & Medical,Orthotics
Health & Medical,Oxygen Bars
Health & Medical,Personal Care Services
Health & Medical,Pharmacy
Health & Medical,Physical Therapy
Health & Medical,Placenta Encapsulations
Health & Medical,Postpartum Care
Health & Medical,Prenatal/Perinatal Care
Health & Medical,Prosthetics
Health & Medical,Prosthodontists
Health & Medical,Psychotechnical Tests
Health & Medical,Reflexology
Health & Medical,Rehabilitation Center
Health & Medical,Reiki
Health & Medical,Reproductive Health Services
Health & Medical,Retirement Homes
Health & Medical,Saunas
Health & Medical,Skilled Nursing
Health & Medical,Sleep Specialists
Health & Medical,Speech Therapists
Health & Medical,Sperm Clinic
Health & Medical,"Traditional Chinese Medicine

Tui Na"
Health & Medical,Tui Na
Health & Medical,Ultrasound Imaging Centers
Health & Medical,Urgent Care
Health & Medical,Weight Loss Centers
Home Services,Artificial Turf
Home Services,Building Supplies
Home Services,Cabinetry
Home Services,Carpenters
Home Services,Carpet Installation
Home Services,Carpeting
Home Services,Childproofing
Home Services,Chimney Sweeps
Home Services,Contractors
Home Services,Countertop Installation
Home Services,Damage Restoration
Home Services,Decks & Railing
Home Services,Demolition Services
Home Services,Door Sales/Installation
Home Services,Drywall Installation & Repair
Home Services,Electricians
Home Services,Excavation Services
Home Services,Fences & Gates
Home Services,Fire Protection Services
Home Services,Fireplace Services
Home Services,Firewood
Home Services,Flooring
Home Services,Foundation Repair
Home Services,Furniture Assembly
Home Services,Garage Door Services
Home Services,Gardeners
Home Services,Glass & Mirrors
Home Services,Grout Services
Home Services,Gutter Services
Home Services,Handyman
Home Services,Heating & Air Conditioning/HVAC
Home Services,Holiday Decorating Services
Home Services,Home Automation
Home Services,Home Cleaning
Home Services,Home Energy Auditors
Home Services,Home Inspectors
Home Services,Home Network Installation
Home Services,Home Organization
Home Services,Home Theatre Installation
Home Services,Home Window Tinting
Home Services,House Sitters
Home Services,Insulation Installation
Home Services,Interior Design
Home Services,Internet Service Providers
Home Services,Irrigation
Home Services,Keys & Locksmiths
Home Services,Landscape Architects
Home Services,"Landscaping

Lawn Services"
Home Services,Lawn Services
Home Services,Lighting Fixtures & Equipment
Home Services,Masonry/Concrete
Home Services,Mobile Home Repair
Home Services,Movers
Home Services,Packing Services
Home Services,Painters
Home Services,Patio Coverings
Home Services,"Plumbing

Backflow Services"
Home Services,Backflow Services
Home Services,Pool & Hot Tub Service
Home Services,Pool Cleaners
Home Services,Pressure Washers
Home Services,"Real Estate

Apartments
Art Space Rentals
Commercial Real Estate
Condominiums
Estate Liquidation
Home Developers
Home Staging
Homeowner Association
Housing Cooperatives
Kitchen Incubators"
Home Services,Apartments
Home Services,Art Space Rentals
Home Services,Commercial Real Estate
Home Services,Condominiums
Home Services,Estate Liquidation
Home Services,Home Developers
Home Services,Home Staging
Home Services,Homeowner Association
Home Services,Housing Cooperatives
Home Services,Kitchen Incubators
Home Services,Mobile Home Dealers
Home Services,Mobile Home Parks
Home Services,Mortgage Brokers
Home Services,Property Management
Home Services,"Real Estate Agents

Apartment Agents"
Home Services,Apartment Agents
Home Services,"Real Estate Services

Land Surveying
Real Estate Photography
Shared Office Spaces
University Housing"
Home Services,Land Surveying
Home Services,Real Estate Photography
Home Services,Shared Office Spaces
Home Services,University Housing
Home Services,Refinishing Services
Home Services,Roof Inspectors
Home Services,Roofing
Home Services,Sauna Installation & Repair
Home Services,Security Systems
Home Services,Shades & Blinds
Home Services,Shutters
Home Services,Siding
Home Services,Solar Installation
Home Services,Solar Panel Cleaning
Home Services,Structural Engineers
Home Services,Stucco Services
Home Services,Television Service Providers
Home Services,Tiling
Home Services,Tree Services
Home Services,"Utilities

Electricity Suppliers
Natural Gas Suppliers
Water Suppliers"
Home Services,Electricity Suppliers
Home Services,Natural Gas Suppliers
Home Services,Water Suppliers
Home Services,Wallpapering
Home Services,Water Heater Installation/Repair
Home Services,Water Purification Services
Home Services,Waterproofing
Home Services,Window Washing
Home Services,Windows Installation
Hotels & Travel,"Airports

Airport Terminals"
Hotels & Travel,Airport Terminals
Hotels & Travel,Bed & Breakfast
Hotels & Travel,Campgrounds
Hotels & Travel,Car Rental
Hotels & Travel,Guest Houses
Hotels & Travel,Health Retreats
Hotels & Travel,Hostels
Hotels & Travel,"Hotels

Mountain Huts
Residences
Rest Stops"
Hotels & Travel,Mountain Huts
Hotels & Travel,Residences
Hotels & Travel,Rest Stops
Hotels & Travel,Motorcycle Rental
Hotels & Travel,RV Parks
Hotels & Travel,RV Rental
Hotels & Travel,Resorts
Hotels & Travel,Ski Resorts
Hotels & Travel,"Tours

Aerial Tours
Architectural Tours
Art Tours
Beer Tours
Bike Tours
Boat Tours
Bus Tours
Food Tours
Historical Tours
Scooter Tours
Walking Tours
Whale Watching Tours
Wine Tours"
Hotels & Travel,Aerial Tours
Hotels & Travel,Architectural Tours
Hotels & Travel,Art Tours
Hotels & Travel,Beer Tours
Hotels & Travel,Bike Tours
Hotels & Travel,Boat Tours
Hotels & Travel,Bus Tours
Hotels & Travel,Food Tours
Hotels & Travel,Historical Tours
Hotels & Travel,Scooter Tours
Hotels & Travel,Walking Tours
Hotels & Travel,Whale Watching Tours
Hotels & Travel,Wine Tours
Hotels & Travel,Train Stations
Hotels & Travel,"Transportation

Airlines
Airport Shuttles
Bike Sharing
Ferries
Limos
Metro Stations
Pedicabs
Private Jet Charter
Public Transportation
Taxis
Town Car Service
Trains"
Hotels & Travel,Airlines
Hotels & Travel,Airport Shuttles
Hotels & Travel,Bike Sharing
Hotels & Travel,Ferries
Hotels & Travel,Limos
Hotels & Travel,Metro Stations
Hotels & Travel,Pedicabs
Hotels & Travel,Private Jet Charter
Hotels & Travel,Public Transportation
Hotels & Travel,Taxis
Hotels & Travel,Town Car Service
Hotels & Travel,Trains
Hotels & Travel,"Travel Services

Luggage Storage
Passport & Visa Services
Travel Agents
Visitor Centers"
Hotels & Travel,Luggage Storage
Hotels & Travel,Passport & Visa Services
Hotels & Travel,Travel Agents
Hotels & Travel,Visitor Centers
Hotels & Travel,Vacation Rental Agents
Hotels & Travel,Vacation Rentals
Local Flavor,Parklets
Local Flavor,Public Art
Local Flavor,Unofficial Yelp Events
Local Flavor,Yelp Events
Local Services,3D Printing
Local Services,Adoption Services
Local Services,Air Duct Cleaning
Local Services,Appliances & Repair
Local Services,Appraisal Services
Local Services,Art Installation
Local Services,Art Restoration
Local Services,Awnings
Local Services,Bail Bondsmen
Local Services,Bike Repair/Maintenance
Local Services,Biohazard Cleanup
Local Services,Bookbinding
Local Services,Bus Rental
Local Services,Calligraphy
Local Services,Carpet Cleaning
Local Services,Carpet Dyeing
Local Services,Child Care & Day Care
Local Services,Clock Repair
Local Services,Community Book Box
Local Services,Community Gardens
Local Services,"Community Service/Non-Profit

Food Banks
Homeless Shelters"
Local Services,Food Banks
Local Services,Homeless Shelters
Local Services,Couriers & Delivery Services
Local Services,Crane Services
Local Services,Donation Center
Local Services,Elder Care Planning
Local Services,Electronics Repair
Local Services,Elevator Services
Local Services,Engraving
Local Services,Environmental Abatement
Local Services,Environmental Testing
Local Services,Farm Equipment Repair
Local Services,Fingerprinting
Local Services,"Funeral Services & Cemeteries

Cremation Services
Mortuary Services"
Local Services,Cremation Services
Local Services,Mortuary Services
Local Services,Furniture Rental
Local Services,Furniture Repair
Local Services,Furniture Reupholstery
Local Services,Generator Installation/Repair
Local Services,Grill Services
Local Services,Gunsmith
Local Services,Hazardous Waste Disposal
Local Services,Hydro-jetting
Local Services,"IT Services & Computer Repair

Data Recovery
Mobile Phone Repair
Telecommunications"
Local Services,Data Recovery
Local Services,Mobile Phone Repair
Local Services,Telecommunications
Local Services,Ice Delivery
Local Services,Jewelry Repair
Local Services,"Junk Removal & Hauling

Dumpster Rental"
Local Services,Dumpster Rental
Local Services,Junkyards
Local Services,Knife Sharpening
Local Services,"Laundry Services

Dry Cleaning
Laundromat"
Local Services,Dry Cleaning
Local Services,Laundromat
Local Services,Machine & Tool Rental
Local Services,Machine Shops
Local Services,Mailbox Centers
Local Services,Metal Detector Services
Local Services,Metal Fabricators
Local Services,Misting System Services
Local Services,"Musical Instrument Services

Guitar Stores
Piano Services
Piano Stores
Vocal Coach"
Local Services,Guitar Stores
Local Services,Piano Services
Local Services,Piano Stores
Local Services,Vocal Coach
Local Services,Nanny Services
Local Services,Notaries
Local Services,Outdoor Power Equipment Services
Local Services,Pest Control
Local Services,Portable Toilet Services
Local Services,Powder Coating
Local Services,Printing Services
Local Services,Propane
Local Services,Recording & Rehearsal Studios
Local Services,Recycling Center
Local Services,Sandblasting
Local Services,Screen Printing
Local Services,Screen Printing/T-Shirt Printing
Local Services,Self Storage
Local Services,Septic Services
Local Services,Sewing & Alterations
Local Services,Shipping Centers
Local Services,Shoe Repair
Local Services,Shoe Shine
Local Services,Snow Removal
Local Services,Snuggle Services
Local Services,Stonemasons
Local Services,TV Mounting
Local Services,Watch Repair
Local Services,Water Delivery
Local Services,Well Drilling
Local Services,Wildlife Control
Mass Media,Print Media
Mass Media,Radio Stations
Mass Media,Television Stations
Nightlife,"Adult Entertainment

Strip Clubs
Striptease Dancers"
Nightlife,Strip Clubs
Nightlife,Striptease Dancers
Nightlife,Bar Crawl
Nightlife,"Bars

Airport Lounges
Beer Bar
Champagne Bars
Cigar Bars
Cocktail Bars
Dive Bars
Drive-Thru Bars
Gay Bars
Hookah Bars
Irish Pub
Lounges
Pubs
Speakeasies
Sports Bars
Tiki Bars
Vermouth Bars
Whiskey Bars
Wine Bars"
Nightlife,Airport Lounges
Nightlife,Beer Bar
Nightlife,Champagne Bars
Nightlife,Cigar Bars
Nightlife,Cocktail Bars
Nightlife,Dive Bars
Nightlife,Drive-Thru Bars
Nightlife,Gay Bars
Nightlife,Hookah Bars
Nightlife,Irish Pub
Nightlife,Lounges
Nightlife,Pubs
Nightlife,Speakeasies
Nightlife,Sports Bars
Nightlife,Tiki Bars
Nightlife,Vermouth Bars
Nightlife,Whiskey Bars
Nightlife,Wine Bars
Nightlife,Beer Gardens
Nightlife,Club Crawl
Nightlife,Comedy Clubs
Nightlife,Country Dance Halls
Nightlife,Dance Clubs
Nightlife,Jazz & Blues
Nightlife,Karaoke
Nightlife,Music Venues
Nightlife,Piano Bars
Nightlife,Pool Halls
Pets,Animal Shelters
Pets,Horse Boarding
Pets,Pet Adoption
Pets,"Pet Services

Animal Physical Therapy
Aquarium Services
Dog Walkers
Emergency Pet Hospital
Farriers
Holistic Animal Care
Pet Boarding
Pet Breeders
Pet Cremation Services
Pet Groomers
Pet Hospice
Pet Insurance
Pet Photography
Pet Sitting
Pet Training
Pet Transportation
Pet Waste Removal"
Pets,Animal Physical Therapy
Pets,Aquarium Services
Pets,Dog Walkers
Pets,Emergency Pet Hospital
Pets,Farriers
Pets,Holistic Animal Care
Pets,Pet Boarding
Pets,Pet Breeders
Pets,Pet Cremation Services
Pets,Pet Groomers
Pets,Pet Hospice
Pets,Pet Insurance
Pets,Pet Photography
Pets,Pet Sitting
Pets,Pet Training
Pets,Pet Transportation
Pets,Pet Waste Removal
Pets,"Pet Stores

Bird Shops
Local Fish Stores
Reptile Shops
Veterinarians"
Pets,Bird Shops
Pets,Local Fish Stores
Pets,Reptile Shops
Pets,Veterinarians
Professional Services,Accountants
Professional Services,Advertising
Professional Services,Architects
Professional Services,Art Consultants
Professional Services,Billing Services
Professional Services,Boat Repair
Professional Services,Bookkeepers
Professional Services,Business Consulting
Professional Services,Career Counseling
Professional Services,Commissioned Artists
Professional Services,Customs Brokers
Professional Services,Digitizing Services
Professional Services,Duplication Services
Professional Services,Editorial Services
Professional Services,Employment Agencies
Professional Services,Feng Shui
Professional Services,Graphic Design
Professional Services,Indoor Landscaping
Professional Services,Internet Service Providers
Professional Services,"Lawyers

Bankruptcy Law
Business Law
Consumer Law
Contract Law
Criminal Defense Law
Disability Law
Divorce & Family Law
DUI Law
Elder Law
Employment Law
Entertainment Law
Estate Planning Law
Wills, Trusts, & Probates
General Litigation
Immigration Law
IP & Internet Law
Medical Law
Personal Injury Law
Real Estate Law
Social Security Law
Tax Law
Traffic Ticketing Law
Workers Compensation Law"
Professional Services,Bankruptcy Law
Professional Services,Business Law
Professional Services,Consumer Law
Professional Services,Contract Law
Professional Services,Criminal Defense Law
Professional Services,Disability Law
Professional Services,Divorce & Family Law
Professional Services,DUI Law
Professional Services,Elder Law
Professional Services,Employment Law
Professional Services,Entertainment Law
Professional Services,Estate Planning Law
Professional Services,"Wills, Trusts, & Probates"
Professional Services,General Litigation
Professional Services,Immigration Law
Professional Services,IP & Internet Law
Professional Services,Medical Law
Professional Services,Personal Injury Law
Professional Services,Real Estate Law
Professional Services,Social Security Law
Professional Services,Tax Law
Professional Services,Traffic Ticketing Law
Professional Services,Workers Compensation Law
Professional Services,"Legal Services

Court Reporters"
Professional Services,Court Reporters
Professional Services,Process Servers
Professional Services,Life Coach
Professional Services,Marketing
Professional Services,Matchmakers
Professional Services,Mediators
Professional Services,Music Production Services
Professional Services,Office Cleaning
Professional Services,Patent Law
Professional Services,Payroll Services
Professional Services,Personal Assistants
Professional Services,Private Investigation
Professional Services,Product Design
Professional Services,Public Adjusters
Professional Services,Public Relations
Professional Services,Security Services
Professional Services,Shredding Services
Professional Services,Signmaking
Professional Services,Software Development
Professional Services,Talent Agencies
Professional Services,Taxidermy
Professional Services,Tenant and Eviction Law
Professional Services,Translation Services
Professional Services,Video/Film Production
Professional Services,Web Design
Professional Services,"Wholesalers

Restaurant Supplies"
Professional Services,Restaurant Supplies
Public Services & Government,Authorized Postal Representative
Public Services & Government,Civic Center
Public Services & Government,Community Centers
Public Services & Government,Courthouses
Public Services & Government,Departments of Motor Vehicles
Public Services & Government,Embassy
Public Services & Government,Fire Departments
Public Services & Government,Jails & Prisons
Public Services & Government,Landmarks & Historical Buildings
Public Services & Government,Libraries
Public Services & Government,Municipality
Public Services & Government,Police Departments
Public Services & Government,Post Offices
Public Services & Government,Registry Office
Public Services & Government,Tax Office
Public Services & Government,Town Hall
Religious Organizations,Afro-Brazilian
Religious Organizations,Buddhist Temples
Religious Organizations,Churches
Religious Organizations,Hindu Temples
Religious Organizations,Mosques
Religious Organizations,Shrines
Religious Organizations,Sikh Temples
Religious Organizations,Spiritism
Religious Organizations,Synagogues
Religious Organizations,Taoist Temples
Restaurants,Afghan
Restaurants,"African

Senegalese
South African"
Restaurants,Senegalese
Restaurants,South African
Restaurants,American (New)
Restaurants,American (Traditional)
Restaurants,Andalusian
Restaurants,"Arabian

Arab Pizza"
Restaurants,Arab Pizza
Restaurants,Argentine
Restaurants,Armenian
Restaurants,Asian Fusion
Restaurants,Asturian
Restaurants,Australian
Restaurants,Austrian
Restaurants,Baguettes
Restaurants,Bangladeshi
Restaurants,Barbeque
Restaurants,Basque
Restaurants,Bavarian
Restaurants,Beer Garden
Restaurants,Beer Hall
Restaurants,Beisl
Restaurants,"Belgian

Flemish"
Restaurants,Flemish
Restaurants,Bistros
Restaurants,Black Sea
Restaurants,Brasseries
Restaurants,"Brazilian

Brazilian Empanadas
Central Brazilian
Northeastern Brazilian
Northern Brazilian
Rodizios"
Restaurants,Brazilian Empanadas
Restaurants,Central Brazilian
Restaurants,Northeastern Brazilian
Restaurants,Northern Brazilian
Restaurants,Rodizios
Restaurants,"Breakfast & Brunch

Pancakes"
Restaurants,Pancakes
Restaurants,British
Restaurants,Buffets
Restaurants,Bulgarian
Restaurants,Burgers
Restaurants,Burmese
Restaurants,"Cafes

Themed Cafes"
Restaurants,Themed Cafes
Restaurants,Cafeteria
Restaurants,Cajun/Creole
Restaurants,Cambodian
Restaurants,Canadian (New)
Restaurants,Canteen
Restaurants,"Caribbean

Dominican
Haitian
Puerto Rican
Trinidadian"
Restaurants,Dominican
Restaurants,Haitian
Restaurants,Puerto Rican
Restaurants,Trinidadian
Restaurants,Catalan
Restaurants,Cheesesteaks
Restaurants,Chicken Shop
Restaurants,Chicken Wings
Restaurants,Chilean
Restaurants,"Chinese

Cantonese
Congee
Dim Sum
Fuzhou
Hainan
Hakka
Henghwa
Hokkien
Hunan
Pekinese
Shanghainese
Szechuan
Teochew"
Restaurants,Cantonese
Restaurants,Congee
Restaurants,Dim Sum
Restaurants,Fuzhou
Restaurants,Hainan
Restaurants,Hakka
Restaurants,Henghwa
Restaurants,Hokkien
Restaurants,Hunan
Restaurants,Pekinese
Restaurants,Shanghainese
Restaurants,Szechuan
Restaurants,Teochew
Restaurants,Comfort Food
Restaurants,Corsican
Restaurants,Creperies
Restaurants,Cuban
Restaurants,Curry Sausage
Restaurants,Cypriot
Restaurants,Czech
Restaurants,Czech/Slovakian
Restaurants,Danish
Restaurants,Delis
Restaurants,Diners
Restaurants,Dinner Theater
Restaurants,Dumplings
Restaurants,Eastern European
Restaurants,Eritrean
Restaurants,Ethiopian
Restaurants,Fast Food
Restaurants,Filipino
Restaurants,Fischbroetchen
Restaurants,Fish & Chips
Restaurants,Flatbread
Restaurants,Fondue
Restaurants,Food Court
Restaurants,Food Stands
Restaurants,Freiduria
Restaurants,"French

Alsatian
Auvergnat
Berrichon
Bourguignon
Mauritius
Nicoise
Provencal
Reunion"
Restaurants,Alsatian
Restaurants,Auvergnat
Restaurants,Berrichon
Restaurants,Bourguignon
Restaurants,Mauritius
Restaurants,Nicoise
Restaurants,Provencal
Restaurants,Reunion
Restaurants,French Southwest
Restaurants,Galician
Restaurants,Game Meat
Restaurants,Gastropubs
Restaurants,Georgian
Restaurants,"German

Baden
Eastern German
Franconian
Hessian
Northern German
Palatine
Rhinelandian"
Restaurants,Baden
Restaurants,Eastern German
Restaurants,Franconian
Restaurants,Hessian
Restaurants,Northern German
Restaurants,Palatine
Restaurants,Rhinelandian
Restaurants,Giblets
Restaurants,Gluten-Free
Restaurants,Greek
Restaurants,Guamanian
Restaurants,Halal
Restaurants,Hawaiian
Restaurants,Heuriger
Restaurants,Himalayan/Nepalese
Restaurants,Honduran
Restaurants,Hong Kong Style Cafe
Restaurants,Hot Dogs
Restaurants,Hot Pot
Restaurants,Hungarian
Restaurants,Iberian
Restaurants,Indian
Restaurants,Indonesian
Restaurants,International
Restaurants,Irish
Restaurants,Island Pub
Restaurants,Israeli
Restaurants,"Italian

Abruzzese
Altoatesine
Apulian
Calabrian
Cucina Campana
Emilian
Friulan
Ligurian
Lumbard
Napoletana
Piemonte
Roman
Sardinian
Sicilian
Tuscan
Venetian"
Restaurants,Abruzzese
Restaurants,Altoatesine
Restaurants,Apulian
Restaurants,Calabrian
Restaurants,Cucina Campana
Restaurants,Emilian
Restaurants,Friulan
Restaurants,Ligurian
Restaurants,Lumbard
Restaurants,Napoletana
Restaurants,Piemonte
Restaurants,Roman
Restaurants,Sardinian
Restaurants,Sicilian
Restaurants,Tuscan
Restaurants,Venetian
Restaurants,"Japanese

Blowfish
Conveyor Belt Sushi
Donburi
Gyudon
Oyakodon
Hand Rolls
Horumon
Izakaya
Japanese Curry
Kaiseki
Kushikatsu
Oden
Okinawan
Okonomiyaki
Onigiri
Ramen
Robatayaki
Soba
Sukiyaki
Takoyaki
Tempura
Teppanyaki
Tonkatsu
Udon
Unagi
Western Style Japanese Food
Yakiniku
Yakitori"
Restaurants,Blowfish
Restaurants,Conveyor Belt Sushi
Restaurants,Donburi
Restaurants,Gyudon
Restaurants,Oyakodon
Restaurants,Hand Rolls
Restaurants,Horumon
Restaurants,Izakaya
Restaurants,Japanese Curry
Restaurants,Kaiseki
Restaurants,Kushikatsu
Restaurants,Oden
Restaurants,Okinawan
Restaurants,Okonomiyaki
Restaurants,Onigiri
Restaurants,Ramen
Restaurants,Robatayaki
Restaurants,Soba
Restaurants,Sukiyaki
Restaurants,Takoyaki
Restaurants,Tempura
Restaurants,Teppanyaki
Restaurants,Tonkatsu
Restaurants,Udon
Restaurants,Unagi
Restaurants,Western Style Japanese Food
Restaurants,Yakiniku
Restaurants,Yakitori
Restaurants,Jewish
Restaurants,Kebab
Restaurants,Kopitiam
Restaurants,Korean
Restaurants,Kosher
Restaurants,Kurdish
Restaurants,Laos
Restaurants,Laotian
Restaurants,"Latin American

Colombian
Salvadoran
Venezuelan"
Restaurants,Colombian
Restaurants,Salvadoran
Restaurants,Venezuelan
Restaurants,Live/Raw Food
Restaurants,Lyonnais
Restaurants,"Malaysian

Mamak
Nyonya"
Restaurants,Mamak
Restaurants,Nyonya
Restaurants,Meatballs
Restaurants,"Mediterranean

Falafel"
Restaurants,Falafel
Restaurants,"Mexican

Eastern Mexican
Jaliscan
Northern Mexican
Oaxacan
Pueblan
Tacos
Tamales
Yucatan"
Restaurants,Eastern Mexican
Restaurants,Jaliscan
Restaurants,Northern Mexican
Restaurants,Oaxacan
Restaurants,Pueblan
Restaurants,Tacos
Restaurants,Tamales
Restaurants,Yucatan
Restaurants,"Middle Eastern

Egyptian
Lebanese"
Restaurants,Egyptian
Restaurants,Lebanese
Restaurants,Milk Bars
Restaurants,Modern Australian
Restaurants,Modern European
Restaurants,Mongolian
Restaurants,Moroccan
Restaurants,New Mexican Cuisine
Restaurants,New Zealand
Restaurants,Nicaraguan
Restaurants,Night Food
Restaurants,Nikkei
Restaurants,Noodles
Restaurants,Norcinerie
Restaurants,Open Sandwiches
Restaurants,Oriental
Restaurants,Pakistani
Restaurants,Pan Asian
Restaurants,Parent Cafes
Restaurants,Parma
Restaurants,Persian/Iranian
Restaurants,Peruvian
Restaurants,PF/Comercial
Restaurants,Pita
Restaurants,Pizza
Restaurants,"Polish

Pierogis"
Restaurants,Pierogis
Restaurants,Polynesian
Restaurants,Pop-Up Restaurants
Restaurants,"Portuguese

Alentejo
Algarve
Azores
Beira
Fado Houses
Madeira
Minho
Ribatejo
Tras-os-Montes"
Restaurants,Alentejo
Restaurants,Algarve
Restaurants,Azores
Restaurants,Beira
Restaurants,Fado Houses
Restaurants,Madeira
Restaurants,Minho
Restaurants,Ribatejo
Restaurants,Tras-os-Montes
Restaurants,Potatoes
Restaurants,Poutineries
Restaurants,Pub Food
Restaurants,Rice
Restaurants,Romanian
Restaurants,Rotisserie Chicken
Restaurants,Russian
Restaurants,Salad
Restaurants,Sandwiches
Restaurants,Scandinavian
Restaurants,Schnitzel
Restaurants,Scottish
Restaurants,Seafood
Restaurants,Serbo Croatian
Restaurants,Signature Cuisine
Restaurants,Singaporean
Restaurants,Slovakian
Restaurants,Somali
Restaurants,Soul Food
Restaurants,Soup
Restaurants,Southern
Restaurants,"Spanish

Arroceria/Paella"
Restaurants,Arroceria/Paella
Restaurants,Sri Lankan
Restaurants,Steakhouses
Restaurants,Supper Clubs
Restaurants,Sushi Bars
Restaurants,Swabian
Restaurants,Swedish
Restaurants,Swiss Food
Restaurants,Syrian
Restaurants,Tabernas
Restaurants,Taiwanese
Restaurants,Tapas Bars
Restaurants,Tapas/Small Plates
Restaurants,Tavola Calda
Restaurants,Tex-Mex
Restaurants,Thai
Restaurants,Traditional Norwegian
Restaurants,Traditional Swedish
Restaurants,Trattorie
Restaurants,"Turkish

Chee Kufta
Gozleme
Homemade Food
Lahmacun
Ottoman Cuisine
Turkish Ravioli"
Restaurants,Chee Kufta
Restaurants,Gozleme
Restaurants,Homemade Food
Restaurants,Lahmacun
Restaurants,Ottoman Cuisine
Restaurants,Turkish Ravioli
Restaurants,Ukrainian
Restaurants,Uzbek
Restaurants,Vegan
Restaurants,Vegetarian
Restaurants,Venison
Restaurants,Vietnamese
Restaurants,Waffles
Restaurants,Wok
Restaurants,Wraps
Restaurants,Yugoslav
Shopping,Adult
Shopping,Antiques
Shopping,Art Galleries
Shopping,"Arts & Crafts

Art Supplies
Ateliers
Cards & Stationery
Cooking Classes
Costumes
Embroidery & Crochet
Fabric Stores
Framing
Paint-Your-Own Pottery"
Shopping,Art Supplies
Shopping,Ateliers
Shopping,Cards & Stationery
Shopping,Cooking Classes
Shopping,Costumes
Shopping,Embroidery & Crochet
Shopping,Fabric Stores
Shopping,Framing
Shopping,Paint-Your-Own Pottery
Shopping,Auction Houses
Shopping,Baby Gear & Furniture
Shopping,Battery Stores
Shopping,Bespoke Clothing
Shopping,"Books, Mags, Music & Video

Bookstores
Comic Books
Music & DVDs
Newspapers & Magazines
Video Game Stores
Videos & Video Game Rental
Vinyl Records"
Shopping,Bookstores
Shopping,Comic Books
Shopping,Music & DVDs
Shopping,Newspapers & Magazines
Shopping,Video Game Stores
Shopping,Videos & Video Game Rental
Shopping,Vinyl Records
Shopping,Brewing Supplies
Shopping,Bridal
Shopping,Cannabis Dispensaries
Shopping,Chinese Bazaar
Shopping,Computers
Shopping,Concept Shops
Shopping,Cosmetics & Beauty Supply
Shopping,Customized Merchandise
Shopping,Department Stores
Shopping,Diamond Buyers
Shopping,Discount Store
Shopping,Drones
Shopping,Drugstores
Shopping,Duty-Free Shops
Shopping,Electronics
Shopping,"Eyewear & Opticians

Sunglasses"
Shopping,Sunglasses
Shopping,Farming Equipment
Shopping,"Fashion

Accessories
Ceremonial Clothing
Children’s Clothing
Clothing Rental
Department Stores
Formal Wear
Fur Clothing
Hats
Kimonos
Leather Goods
Lingerie
Maternity Wear
Men’s Clothing
Plus Size Fashion
Shoe Stores
Sleepwear
Sports Wear
Dance Wear
Stockings
Surf Shop
Swimwear
Traditional Clothing
Used, Vintage & Consignment
Women’s Clothing"
Shopping,Accessories
Shopping,Ceremonial Clothing
Shopping,Children’s Clothing
Shopping,Clothing Rental
Shopping,Department Stores
Shopping,Formal Wear
Shopping,Fur Clothing
Shopping,Hats
Shopping,Kimonos
Shopping,Leather Goods
Shopping,Lingerie
Shopping,Maternity Wear
Shopping,Men’s Clothing
Shopping,Plus Size Fashion
Shopping,Shoe Stores
Shopping,Sleepwear
Shopping,Sports Wear
Shopping,Dance Wear
Shopping,Stockings
Shopping,Surf Shop
Shopping,Swimwear
Shopping,Traditional Clothing
Shopping,"Used, Vintage & Consignment"
Shopping,Women’s Clothing
Shopping,Fireworks
Shopping,Fitness/Exercise Equipment
Shopping,Flea Markets
Shopping,"Flowers & Gifts

Cards & Stationery
Florists
Gift Shops"
Shopping,Cards & Stationery
Shopping,Florists
Shopping,Gift Shops
Shopping,Gemstones & Minerals
Shopping,Gold Buyers
Shopping,Guns & Ammo
Shopping,Head Shops
Shopping,High Fidelity Audio Equipment
Shopping,Hobby Shops
Shopping,"Home & Garden

Appliances
Candle Stores
Christmas Trees
Furniture Stores
Grilling Equipment
Hardware Stores
Holiday Decorations
Home Decor
Hot Tub & Pool
Kitchen & Bath
Kitchen Supplies
Lighting Stores
Linens
Materiale elettrico
Mattresses
Nurseries & Gardening
Hydroponics
Outdoor Furniture Stores
Paint Stores
Playsets
Pumpkin Patches
Rugs
Sheds & Outdoor Storage
Tableware"
Shopping,Appliances
Shopping,Candle Stores
Shopping,Christmas Trees
Shopping,Furniture Stores
Shopping,Grilling Equipment
Shopping,Hardware Stores
Shopping,Holiday Decorations
Shopping,Home Decor
Shopping,Hot Tub & Pool
Shopping,Kitchen & Bath
Shopping,Kitchen Supplies
Shopping,Lighting Stores
Shopping,Linens
Shopping,Materiale elettrico
Shopping,Mattresses
Shopping,Nurseries & Gardening
Shopping,Hydroponics
Shopping,Outdoor Furniture Stores
Shopping,Paint Stores
Shopping,Playsets
Shopping,Pumpkin Patches
Shopping,Rugs
Shopping,Sheds & Outdoor Storage
Shopping,Tableware
Shopping,Horse Equipment Shops
Shopping,Jewelry
Shopping,Kiosk
Shopping,Knitting Supplies
Shopping,Livestock Feed & Supply
Shopping,Luggage
Shopping,Market Stalls
Shopping,Medical Supplies
Shopping,Military Surplus
Shopping,Mobile Phone Accessories
Shopping,Mobile Phones
Shopping,Motorcycle Gear
Shopping,Musical Instruments & Teachers
Shopping,Office Equipment
Shopping,Outlet Stores
Shopping,Packing Supplies
Shopping,Pawn Shops
Shopping,Perfume
Shopping,Personal Shopping
Shopping,Photography Stores & Services
Shopping,Pool & Billiards
Shopping,Pop-up Shops
Shopping,Props
Shopping,Public Markets
Shopping,Religious Items
Shopping,Safe Stores
Shopping,Safety Equipment
Shopping,Scandinavian Design
Shopping,Shopping Centers
Shopping,Shopping Passages
Shopping,Souvenir Shops
Shopping,Spiritual Shop
Shopping,"Sporting Goods

Bikes
Dive Shops
Golf Equipment
Hockey Equipment
Hunting & Fishing Supplies
Outdoor Gear
Skate Shops
Ski & Snowboard Shops
Sports Wear"
Shopping,Bikes
Shopping,Dive Shops
Shopping,Golf Equipment
Shopping,Hockey Equipment
Shopping,Hunting & Fishing Supplies
Shopping,Outdoor Gear
Shopping,Skate Shops
Shopping,Ski & Snowboard Shops
Shopping,Sports Wear
Shopping,Tabletop Games
Shopping,Teacher Supplies
Shopping,Thrift Stores
Shopping,Tickets
Shopping,Tobacco Shops
Shopping,Toy Stores
Shopping,Trophy Shops
Shopping,Uniforms
Shopping,Used Bookstore
Shopping,Vape Shops
Shopping,Vitamins & Supplements
Shopping,Watches
Shopping,Wholesale Stores
Shopping,Wigs
